match_id,total_runs
335982,304
335983,447
335984,261
335985,331
335986,222
335987,334
335988,285
335989,410
335990,431
335991,298
335992,273
335993,299
335994,309
335995,320
335996,343
335997,275
335998,372
335999,331
336000,347
336001,341
336002,336
336003,347
336004,295
336005,219
336006,253
336007,292
336008,207
336009,375
336010,253
336011,281
336012,248
336013,344
336014,385
336015,315
336016,287
336017,243
336018,314
336019,401
336020,376
336021,135
336022,212
336023,329
336024,331
336025,204
336026,312
336027,297
336028,377
336029,238
336031,353
336032,355
336033,412
336034,309
336035,349
336036,291
336037,295
336038,279
336039,228
336040,327
392181,311
392182,191
392183,162
392184,205
392185,266
392186,237
392188,344
392189,369
392190,333
392191,341
392192,324
392194,299
392195,251
392196,334
392197,282
392198,290
392199,282
392200,235
392201,298
392202,290
392203,287
392204,282
392205,283
392206,308
392207,307
392208,299
392209,278
392210,344
392211,311
392212,271
392213,212
392214,359
392215,234
392216,337
392217,281
392218,298
392219,248
392220,279
392221,349
392222,241
392223,334
392224,261
392225,288
392226,243
392227,298
392228,326
392229,267
392230,286
392231,377
392232,269
392233,203
392234,208
392235,331
392236,328
392237,307
392238,295
392239,280
419106,311
419107,420
419108,288
419109,271
419110,349
419111,283
419112,407
419113,273
419114,338
419115,185
419116,375
419117,334
419118,302
419119,306
419120,332
419121,291
419122,311
419123,306
419124,335
419125,361
419126,299
419127,327
419128,349
419129,337
419130,303
419131,314
419132,327
419133,323
419134,309
419135,338
419136,365
419137,469
419138,293
419139,404
419140,331
419141,316
419142,306
419143,310
419144,348
419145,370
419146,312
419147,277
419148,322
419149,223
419150,311
419151,289
419152,327
419153,282
419154,262
419155,225
419156,352
419157,325
419158,265
419159,387
419160,279
419161,268
419162,333
419163,246
419164,168
419165,314
501198,304
501199,278
501200,323
501201,194
501202,225
501203,317
501204,303
501205,283
501206,381
501207,299
501208,317
501209,319
501210,366
501211,345
501212,331
501213,377
501214,166
501215,266
501216,320
501218,242
501219,258
501220,342
501221,320
501222,346
501223,433
501224,307
501225,220
501226,259
501227,321
501228,286
501229,203
501230,279
501231,189
501232,336
501233,276
501234,239
501235,287
501236,311
501237,295
501238,281
501239,318
501240,296
501241,299
501242,295
501243,354
501244,325
501245,175
501246,324
501247,253
501248,239
501249,329
501250,273
501251,250
501252,297
501253,334
501254,359
501255,194
501256,260
501257,311
501258,195
501259,274
501260,353
501261,293
501262,237
501263,267
501264,314
501265,56
501266,257
501267,353
501268,352
501269,295
501270,327
501271,352
548306,227
548307,197
548308,230
548309,351
548310,294
548311,312
548312,306
548313,310
548314,280
548315,288
548316,221
548317,367
548318,413
548319,231
548320,268
548321,319
548322,311
548323,266
548324,331
548325,185
548326,393
548327,368
548328,251
548329,380
548330,315
548331,329
548332,293
548333,364
548334,327
548335,253
548336,332
548337,294
548339,339
548341,336
548342,377
548343,305
548344,333
548345,303
548346,201
548347,279
548348,359
548349,285
548350,321
548351,239
548352,310
548353,293
548354,311
548355,347
548356,366
548357,307
548358,251
548359,315
548360,283
548361,253
548362,311
548363,337
548364,229
548365,295
548366,384
548367,344
548368,318
548369,276
548370,248
548371,243
548372,409
548373,254
548374,286
548375,238
548376,255
548377,325
548378,306
548379,336
548380,358
548381,382
597998,257
597999,310
598000,230
598001,325
598002,287
598003,199
598004,295
598005,269
598006,374
598007,277
598008,312
598009,293
598010,229
598011,325
598012,331
598013,312
598014,250
598015,294
598016,310
598017,330
598018,227
598019,271
598020,252
598021,250
598022,243
598023,240
598024,326
598025,371
598026,371
598027,396
598028,335
598029,321
598030,319
598031,299
598032,290
598033,330
598034,386
598035,313
598036,344
598037,344
598038,291
598039,259
598040,273
598041,357
598042,357
598043,265
598044,161
598045,350
598046,218
598047,360
598048,323
598049,309
598050,275
598051,369
598052,292
598053,258
598054,362
598055,228
598056,270
598057,231
598058,285
598059,241
598060,362
598061,333
598062,303
598063,318
598064,384
598065,249
598066,316
598067,306
598068,188
598069,262
598070,336
598071,267
598072,334
598073,273
729279,285
729281,291
729283,411
729285,268
729287,231
729289,333
729291,384
729293,261
729295,314
729297,273
729299,298
729301,364
729303,283
729305,141
729307,241
729309,251
729311,291
729313,251
729315,326
729317,329
733971,262
733973,338
733975,308
733977,313
733979,330
733981,359
733983,355
733985,321
733987,418
733989,236
733991,364
733993,187
733995,317
733997,299
733999,381
734001,317
734003,297
734005,356
734007,416
734009,283
734011,340
734013,280
734015,288
734017,331
734019,329
734021,321
734023,310
734025,315
734027,360
734029,374
734031,331
734033,342
734035,314
734037,321
734039,234
734041,384
734043,298
734045,349
734047,428
734049,399
829705,338
829707,299
829709,298
829711,373
829713,356
829715,370
829717,336
829719,338
829721,329
829723,334
829725,334
829727,258
829729,372
829731,330
829733,314
829735,313
829737,400
829739,293
829741,403
829743,277
829745,335
829747,343
829749,264
829751,294
829753,287
829757,194
829759,280
829761,329
829763,200
829765,266
829767,237
829769,366
829771,226
829773,362
829775,321
829777,364
829779,272
829781,299
829783,305
829785,314
829787,395
829789,317
829791,367
829793,320
829795,431
829797,302
829799,365
829801,239
829803,190
829805,337
829807,218
829809,264
829811,389
829813,189
829815,227
829817,349
829819,289
829821,279
829823,363
980901,247
980903,197
980905,323
980907,409
980909,375
980911,327
980913,224
980915,288
980917,290
980919,305
980921,383
980923,287
980925,279
980927,341
980929,272
980931,357
980933,318
980935,289
980937,362
980939,322
980941,353
980943,212
980945,343
980947,352
980949,391
980951,345
980953,373
980955,285
980957,320
980959,374
980961,299
980963,321
980965,328
980967,255
980969,386
980971,353
980973,269
980975,322
980977,349
980979,270
980981,304
980983,296
980985,251
980987,352
980989,169
980991,359
980993,332
980995,369
980997,197
980999,331
981001,249
981003,319
981005,345
981007,345
981009,320
981011,277
981013,317
981015,302
981017,325
981019,408
1082591,379
1082592,371
1082593,367
1082594,327
1082595,299
1082596,275
1082597,358
1082598,298
1082599,313
1082600,317
1082601,341
1082602,287
1082603,343
1082604,327
1082605,325
1082606,353
1082607,295
1082608,337
1082609,313
1082610,405
1082611,367
1082612,397
1082613,375
1082614,270
1082615,355
1082616,350
1082617,180
1082618,317
1082620,366
1082621,269
1082622,321
1082623,388
1082624,253
1082625,323
1082626,135
1082627,370
1082628,327
1082629,328
1082630,374
1082631,313
1082632,422
1082633,257
1082634,284
1082635,278
1082636,317
1082637,381
1082638,278
1082639,320
1082640,392
1082641,453
1082642,329
1082643,312
1082644,337
1082645,151
1082646,312
1082647,304
1082648,176
1082649,218
1082650,257
1136561,334
1136562,333
1136563,353
1136564,252
1136565,407
1136566,213
1136567,298
1136568,314
1136569,389
1136570,277
1136571,415
1136572,390
1136573,329
1136574,380
1136575,323
1136576,371
1136577,344
1136578,317
1136579,350
1136580,360
1136581,335
1136582,282
1136583,205
1136584,412
1136585,251
1136586,383
1136587,339
1136588,291
1136589,351
1136590,409
1136591,320
1136592,342
1136593,357
1136594,350
1136595,255
1136596,327
1136597,349
1136598,307
1136599,287
1136600,301
1136601,318
1136602,378
1136603,353
1136604,459
1136605,368
1136606,359
1136607,339
1136608,180
1136609,287
1136610,369
1136611,422
1136612,290
1136613,298
1136614,345
1136615,337
1136616,312
1136617,279
1136618,313
1136619,334
1136620,359
1175356,141
1175357,364
1175358,389
1175359,354
1175360,297
1175361,408
1175362,368
1175363,399
1175364,353
1175365,387
1175366,344
1175367,342
1175368,318
1175369,322
1175370,303
1175371,260
1175372,411
1178393,298
1178394,232
1178395,301
1178396,279
1178397,301
1178398,219
1178399,395
1178400,306
1178401,358
1178402,375
1178403,347
1178404,323
1178405,271
1178406,343
1178407,352
1178408,269
1178409,296
1178410,416
1178411,323
1178412,329
1178413,320
1178414,321
1178415,384
1178416,351
1178417,387
1178418,352
1178419,264
1178420,321
1178421,358
1178422,430
1178423,379
1178424,103
1178425,278
1178426,341
1178427,368
1178428,236
1178429,353
1178430,343
1178431,267
1181764,263
1181766,327
1181767,298
1181768,297
1216492,328
1216493,319
1216494,169
1216495,300
1216496,416
1216497,329
1216498,240
1216499,330
1216500,322
1216501,324
1216502,241
1216503,334
1216504,311
1216505,306
1216506,307
1216507,321
1216508,341
1216509,364
1216510,315
1216511,329
1216512,331
1216513,359
1216514,312
1216515,438
1216516,321
1216517,388
1216518,310
1216519,333
1216520,299
1216521,230
1216522,356
1216523,326
1216524,350
1216525,301
1216526,297
1216527,449
1216528,314
1216529,328
1216530,322
1216531,348
1216532,309
1216533,251
1216534,316
1216535,221
1216536,350
1216537,371
1216538,382
1216539,306
1216540,306
1216541,391
1216542,333
1216543,309
1216544,295
1216545,287
1216546,331
1216547,420
1237177,343
1237178,263
1237180,361
1237181,313
1254058,319
1254059,378
1254060,364
1254061,438
1254062,294
1254063,292
1254064,297
1254065,213
1254066,287
1254067,370
1254068,393
1254069,331
1254070,275
1254071,241
1254072,422
1254073,358
1254074,263
1254075,267
1254076,313
1254077,333
1254078,249
1254079,341
1254080,344
1254081,343
1254082,310
1254083,324
1254084,437
1254085,385
1254086,333
1254087,186
1254088,428
1254089,379
1254090,322
1254091,273
1254092,257
1254093,184
1254094,273
1254095,278
1254096,314
1254097,275
1254098,343
1254099,272
1254100,331
1254101,330
1254102,333
1254103,302
1254104,292
1254105,273
1254106,256
1254107,245
1254108,276
1254109,234
1254110,275
1254111,368
1254112,261
1254113,313
1254114,345
1254115,277
1254116,271
1254117,357
1304047,264
1304048,356
1304049,413
1304050,319
1304051,359
1304052,260
1304053,421
1304054,278
1304055,363
1304056,328
1304057,306
1304058,326
1304059,342
1304060,323
1304061,304
1304062,379
1304063,309
1304064,303
1304065,386
1304066,327
1304067,330
1304068,409
1304069,384
1304070,347
1304071,351
1304072,380
1304073,362
1304074,303
1304075,339
1304076,427
1304077,344
1304078,234
1304079,311
1304080,429
1304081,304
1304082,140
1304083,300
1304084,363
1304085,259
1304086,394
1304087,296
1304088,286
1304089,344
1304090,319
1304091,384
1304092,391
1304093,310
1304094,288
1304095,333
1304096,393
1304097,349
1304098,379
1304099,277
1304100,317
1304101,325
1304102,278
1304103,226
1304104,321
1304105,200
1304106,364
1304107,300
1304108,270
1304109,332
1304110,301
1304111,383
1304112,418
1304113,338
1304114,301
1304115,319
1304116,317
1312197,379
1312198,400
1312199,318
1312200,263
1359475,360
1359476,337
1359477,336
1359478,334
1359479,343
1359480,422
1359481,325
1359482,389
1359483,327
1359484,248
1359485,341
1359486,316
1359487,411
1359488,288
1359489,425
1359490,345
1359491,347
1359492,307
1359493,433
1359494,325
1359495,320
1359496,371
1359497,356
1359498,444
1359499,370
1359500,298
1359501,324
1359502,255
1359503,272
1359504,263
1359505,415
1359506,371
1359507,421
1359508,281
1359509,359
1359510,379
1359511,372
1359512,458
1359513,359
1359514,385
1359515,401
1359516,426
1359517,234
1359518,255
1359519,125
1359520,430
1359521,337
1359522,237
1359523,279
1359524,368
1359525,398
1359526,431
1359527,361
1359528,399
1359529,307
1359530,300
1359531,409
1359532,367
1359533,303
1359534,230
1359535,291
1359536,342
1359537,349
1359538,411
1359539,373
1359540,376
1359541,369
1359542,351
1359543,401
1359544,395
1370350,329
1370351,283
1370352,404
1370353,385
1422119,349
1422120,351
1422121,412
1422122,366
1422123,330
1422124,354
1422125,349
1422126,523
1422127,358
1422128,368
1422129,377
1422130,330
1422131,362
1422132,252
1422133,334
1422134,438
1422135,399
1422136,331
1422137,372
1422138,439
1422139,293
1426260,278
1426261,362
1426262,395
1426263,395
1426264,337
1426265,299
1426266,323
1426267,392
1426268,549
1426269,447
1426270,181
1426271,375
1426272,356
1426273,465
1426274,443
1426275,288
1426276,362
1426277,423
1426278,444
1426279,377
1426280,523
1426281,504
1426282,395
1426283,406
1426284,346
1426285,310
1426286,289
1426287,325
1426288,401
1426289,314
1426290,299
1426291,306
1426292,372
1426293,347
1426294,422
1426295,332
1426296,422
1426297,427
1426298,296
1426299,286
1426300,327
1426302,397
1426303,289
1426305,410
1426306,409
1426307,429
1426309,323
1426310,346
1426311,314
1426312,227
